<?xml version="1.0"?>
<suppressions xmlns="https://jeremylong.github.io/DependencyCheck/dependency-suppression.1.2.xsd">

  <!-- Suppress known CVEs for logback-core -->
  <suppress>
    <notes><![CDATA[
      Suppressing known CVEs for logback-core 1.2.3, required by Spring Boot 2.2.4.
    ]]></notes>
    <gav>ch.qos.logback:logback-core:1.2.3</gav>
    <cve>CVE-2021-42550</cve>
    <cve>CVE-2023-6378</cve>
    <cve>CVE-2024-12798</cve>
    <cve>CVE-2024-12801</cve>
  </suppress>

  <!-- Suppress false positives for BouncyCastle -->
  <suppress>
    <notes><![CDATA[
      Suppressing false positive CVEs for bcprov-jdk15on-1.46 (BouncyCastle).
    ]]></notes>
    <gav>org.bouncycastle:bcprov-jdk15on:1.46</gav>
    <cpe>cpe:/a:bouncycastle:bouncy_castle_crypto_package</cpe>
    <cpe>cpe:/a:bouncycastle:the_bouncy_castle_crypto_package_for_java</cpe>
    <cpe>cpe:/a:bouncycastle:legion-of-the-bouncy-castle-java-crytography-api</cpe>
  </suppress>

  <!-- Suppress false positive on hibernate-validator -->
  <suppress>
    <notes><![CDATA[
      Suppressing known issue for Hibernate Validator 6.0.18.Final
    ]]></notes>
    <gav>org.hibernate.validator:hibernate-validator:6.0.18.Final</gav>
    <cve>CVE-2025-35036</cve>
  </suppress>

</suppressions>
